{"x":35.72941176470588,"y":92.64705882352942}