{"x":137.88888888888889,"y":190.83024691358023}