{"x":72.42941176470588,"y":95.77058823529411}