{"x":29.505882352941182,"y":68.51764705882353}