{"x":822.3255813953489,"y":191.8820984315846}