{"x":103.92941176470588,"y":109.36470588235294}