{"x":615.6060606060606,"y":594.9219467401285}